<?xml version="1.0" encoding="utf-8" ?> 
<!--********** Copyright 2016 Roku Corp.  All Rights Reserved. **********--> 

<!-- node that renders Grid Screen 
    handles bookmark buttons
    handles start of video playback
 -->
<component name="GridScreen" extends="Group" initialFocus="RowList" xsi:noNamespaceSchemaLocation="http://rokudev.roku.com/rokudev/schema/RokuSceneGraph.xsd">
    <interface>
        <!-- Grid Content Node -->
        <field id="content" type="node" alias="RowList.content" onChange="onContentChange"/>
        
         <field id="itemSelected" type="integer" alwaysnotify="true" alias="Buttons.itemSelected" onChange="onItemSelected" />
        <!-- Row item selection handler -->
        <field id="rowItemSelected" type="intarray" alwaysnotify="true" alias="RowList.rowItemSelected"/>
        
        <!-- Row item focused handler -->
        <field id="itemFocused" type="intarray" alias="RowList.rowItemFocused" onChange="OnItemFocused"/>

        <!-- Interface to focused item (Content Node) -->
        <field id="focusedContent"  type="node"/>
    </interface>
    
    <!-- main handler -->
    <script type="text/brightscript" uri="pkg:/components/screens/GridScreen/GridScreen.brs" />

	<children>
		<FadingBackground
			id="Background"
			width="1280"
			height="720"
			color="0x000000"
			ShadeOpacity="0.6" />
		<LabelList
            id="Buttons"
            translation="[750,10]"
            color="0xFF0000ff"
            focusedColor="0x333333FF"
            numRows="2"
            vertFocusAnimationStyle="floatingFocus"
            itemSize="[250, 55]"
            />
		<RowList
			id="RowList"
			focusBitmapUri="pkg:/images/focus_grid.9.png"
			translation="[128, 329]"
			
			itemSize="[1327, 203]"
			itemSpacing="[0, 37]"
			
			numRows="2"

			focusXOffset="[0]"
			rowFocusAnimationStyle="fixedFocusWrap"
			rowItemSize="[[241, 158],[158,158]]"
			rowItemSpacing="[[20, 0]]"
			showRowLabel="true"
			showRowCounter="true"
			rowLabelOffset="[[0,16]]" />
		<!-- Overhang logo -->
		<Group id="Overhang">
			<Poster
				id="PosterOverhang"
				translation="[128, 72]"
				uri="pkg:/images/logo.png"
				width="480"
				height="79" />

			<Label
				id="OptionsLabel"
				translation="[726, 58]"
				width="400"
				horizAlign="right"
				text="Search" />

			<Poster
				id="OptionsIcon"
				blendColor="#06d5e1"
				enableColorBlending="false"
				translation="[1139, 53]"
				width="24"
				height="24"
				uri="pkg:/images/options.png" />
		</Group>


		<Poster
			id="BackgroundDown"
			translation="[0, 625]"
			uri="pkg:/images/BG_dark_down.png"
			width="1280"
			height="95" />

		<Description
			id="Description"
			translation="[128, 184]"
			itemSpacings="[8,0]" />
    </children>
</component>