<?xml version="1.0" encoding="UTF-8"?>
<rss xmlns:media="http://search.yahoo.com/mrss/" version="2.0">
  <channel>
    <title>Roku-Developer-Sample-Feed</title>
    <link />
    <description>Feed on video content for testing channel applications built on the Roku developer platform</description>
    <pubDate>Wed, 11 Nov 2015 20:30:54 GMT</pubDate>
    <image>
      <title>Roku-Developer-Sample-Feed</title>
      <url>http://s2.content.video.llnw.net/lovs/images-prod/59021fabe3b645968e382ac726cd6c7b/channel/1cfd09ab38e54f48be8498e0249f5c83/S9O.600x600.png</url>
    </image>
    <item>
      <title>KABBALAH</title>
      <link>http://roku.cpl.delvenetworks.com/media/59021fabe3b645968e382ac726cd6c7b/decbe34b64ea4ca281dc09997d0f23fd/aac0cfc54ae74fdfbb3ba9a2ef4c7080/117_segment_2_twitch__nw_060515.mp4</link>
      <description>With the Twitch channel, you can watch the most popular broadcasts of the day, browse live broadcasts by the games you love and follow your favorite Twitch broadcasters.</description>
      <pubDate>Thu, 11 Jun 2015 16:51:07 GMT</pubDate>
      <guid isPermaLink="false">decbe34b64ea4ca281dc09997d0f23fd</guid>
      <media:content channels="2" bitrate="1328.0" duration="53" fileSize="8731706" framerate="23.976" height="720" type="video/mp4" width="1280" isDefault="true" url="http://roku.cpl.delvenetworks.com/media/59021fabe3b645968e382ac726cd6c7b/decbe34b64ea4ca281dc09997d0f23fd/aac0cfc54ae74fdfbb3ba9a2ef4c7080/117_segment_2_twitch__nw_060515.mp4">
        <media:description>With the Twitch channel, you can watch the most popular broadcasts of the day, browse live broadcasts by the games you love and follow your favorite Twitch broadcasters.</media:description>
        <media:keywords>episode 21, roku recommends, twitch</media:keywords>
        <media:thumbnail url="http://s2.content.video.llnw.net/lovs/images-prod/59021fabe3b645968e382ac726cd6c7b/media/decbe34b64ea4ca281dc09997d0f23fd/j5_.540x304.jpeg" />
        <media:title>Live Gaming</media:title>
      </media:content>
    </item>
    <item>
      <title>Let's Get Cookin'</title>
      <link>http://roku.cpl.delvenetworks.com/media/59021fabe3b645968e382ac726cd6c7b/6c9d0951d6d74229afe4adf972b278dd/bc227724e2854c6b93ad48d1feb39c16/roku_ep_115_segment_5_paula_nw_050515.mp4</link>
      <description>The Paula Deen Channel is your instant access to Paula Deenâ€™s new and hilarious cooking and lifestyle shows. Paula and her sons,  Jamie and Bobby, will cook up their delicious southern recipes and help you with hints and tips that make meal planning simple, affordable and easy.</description>
      <pubDate>Thu, 21 May 2015 18:47:20 GMT</pubDate>
      <guid isPermaLink="false">6c9d0951d6d74229afe4adf972b278dd</guid>
      <media:content channels="2" bitrate="1328.0" duration="59" fileSize="9523612" framerate="23.976" height="720" type="video/mp4" width="1280" isDefault="true" url="http://roku.cpl.delvenetworks.com/media/59021fabe3b645968e382ac726cd6c7b/6c9d0951d6d74229afe4adf972b278dd/bc227724e2854c6b93ad48d1feb39c16/roku_ep_115_segment_5_paula_nw_050515.mp4">
        <media:description>The Paula Deen Channel is your instant access to Paula Deenâ€™s new and hilarious cooking and lifestyle shows. Paula and her sons,  Jamie and Bobby, will cook up their delicious southern recipes and help you with hints and tips that make meal planning simple, affordable and easy.</media:description>
        <media:keywords>episode 18, paula deen, roku recommends</media:keywords>
        <media:thumbnail url="http://s2.content.video.llnw.net/lovs/images-prod/59021fabe3b645968e382ac726cd6c7b/media/6c9d0951d6d74229afe4adf972b278dd/JME.540x304.jpeg" />
        <media:title>Let's Get Cookin'</media:title>
      </media:content>
    </item>
    <item>
      <title>Ideas Worth Spreading</title>
      <link>http://roku.cpl.delvenetworks.com/media/59021fabe3b645968e382ac726cd6c7b/7405a8c101ee4c9da312c426e6067044/dc0d29c5dde34565a3be95987f2956fe/roku_ep_115_segment_1_ted_nw_050515.mp4</link>
      <description>TED is a nonprofit devoted to Ideas Worth Spreading. On this channel, youâ€™ll find TEDTalks video to inspire, intrigue and stir the imagination from some of the worldâ€™s leading thinkers and doers, speaking from the stage at TED conferences, TEDx events and partner events around the world.</description>
      <pubDate>Thu, 21 May 2015 18:45:58 GMT</pubDate>
      <guid isPermaLink="false">7405a8c101ee4c9da312c426e6067044</guid>
      <media:content channels="2" bitrate="1328.0" duration="71" fileSize="11678262" framerate="23.976" height="720" type="video/mp4" width="1280" isDefault="true" url="http://roku.cpl.delvenetworks.com/media/59021fabe3b645968e382ac726cd6c7b/7405a8c101ee4c9da312c426e6067044/dc0d29c5dde34565a3be95987f2956fe/roku_ep_115_segment_1_ted_nw_050515.mp4">
        <media:description>TED is a nonprofit devoted to Ideas Worth Spreading. On this channel, youâ€™ll find TEDTalks video to inspire, intrigue and stir the imagination from some of the worldâ€™s leading thinkers and doers, speaking from the stage at TED conferences, TEDx events and partner events around the world.</media:description>
        <media:keywords>episode 18, roku recommends, ted</media:keywords>
        <media:thumbnail url="http://s2.content.video.llnw.net/lovs/images-prod/59021fabe3b645968e382ac726cd6c7b/media/7405a8c101ee4c9da312c426e6067044/ZCu.540x304.jpeg" />
        <media:title>Ideas Worth Spreading</media:title>
      </media:content>
    </item>
    <item>
      <title>Fanboys Unite</title>
      <link>http://roku.cpl.delvenetworks.com/media/59021fabe3b645968e382ac726cd6c7b/5686748268874a57a4ba3debda1619dd/75ad4598ef4a4e5c950e26d80464abb4/ep-126-seg-3_contv_v1-mo.mp4</link>
      <description>ConTv is a channel that promises to let you "immerse yourself in the Comic Con experience." The channel offers Sci-fi and monster movies, cult classics, martial arts, hit television series from years past, and more.</description>
      <pubDate>Thu, 13 Aug 2015 17:48:22 GMT</pubDate>
      <guid isPermaLink="false">5686748268874a57a4ba3debda1619dd</guid>
      <media:content channels="2" bitrate="1328.0" duration="63" fileSize="10344255" framerate="23.976" height="720" type="video/mp4" width="1280" isDefault="true" url="http://roku.cpl.delvenetworks.com/media/59021fabe3b645968e382ac726cd6c7b/5686748268874a57a4ba3debda1619dd/75ad4598ef4a4e5c950e26d80464abb4/ep-126-seg-3_contv_v1-mo.mp4">
        <media:description>ConTv is a channel that promises to let you "immerse yourself in the Comic Con experience." The channel offers Sci-fi and monster movies, cult classics, martial arts, hit television series from years past, and more.</media:description>
        <media:keywords>contv, episode 30, roku recommends</media:keywords>
        <media:thumbnail url="http://s2.content.video.llnw.net/lovs/images-prod/59021fabe3b645968e382ac726cd6c7b/media/5686748268874a57a4ba3debda1619dd/7UL.540x304.jpeg" />
        <media:title>Fanboys Unite</media:title>
      </media:content>
    </item>
    <item>
      <title>Fight Pass</title>
      <link>http://roku.cpl.delvenetworks.com/media/59021fabe3b645968e382ac726cd6c7b/37d290e03d894135b07c5e514cbad72d/dfd02160a5374c39967c105a8cfff3a1/roku_ep_115_segment_3_ufc_nw_051815.mp4</link>
      <description>UFCTV gives you Live and On-Demand access to UFC events and classic fights. UFC (Ultimate Fighting Championship), is the worldâ€™s leading mixed martial arts sports association.</description>
      <pubDate>Thu, 28 May 2015 17:01:28 GMT</pubDate>
      <guid isPermaLink="false">37d290e03d894135b07c5e514cbad72d</guid>
      <media:content channels="2" bitrate="1328.0" duration="52" fileSize="8421940" framerate="23.976" height="720" type="video/mp4" width="1280" isDefault="true" url="http://roku.cpl.delvenetworks.com/media/59021fabe3b645968e382ac726cd6c7b/37d290e03d894135b07c5e514cbad72d/dfd02160a5374c39967c105a8cfff3a1/roku_ep_115_segment_3_ufc_nw_051815.mp4">
        <media:description>UFCTV gives you Live and On-Demand access to UFC events and classic fights. UFC (Ultimate Fighting Championship), is the worldâ€™s leading mixed martial arts sports association.</media:description>
        <media:keywords>episode 19, fight pass, roku recommends, ufc</media:keywords>
        <media:thumbnail url="http://s2.content.video.llnw.net/lovs/images-prod/59021fabe3b645968e382ac726cd6c7b/media/37d290e03d894135b07c5e514cbad72d/xUE.540x304.jpeg" />
        <media:title>Fight Pass</media:title>
      </media:content>
    </item>
    <item>
      <title>Giant Sharks And More</title>
      <link>http://roku.cpl.delvenetworks.com/media/59021fabe3b645968e382ac726cd6c7b/42137542fa884b97a2a72cb356ae21b9/57316de2eaa3448b8376ef0b1ff58d46/roku_119_segment_2_062315.mp4</link>
      <description>The best collection of high-quality documentary programs anywhere. History, science, space, nature, adventure - XiveTV has it all. From sharks and war, to UFOs and black holes, and much more!</description>
      <pubDate>Thu, 02 Jul 2015 17:28:21 GMT</pubDate>
      <guid isPermaLink="false">42137542fa884b97a2a72cb356ae21b9</guid>
      <media:content channels="2" bitrate="1328.0" duration="67" fileSize="10276365" framerate="23.976" height="720" type="video/mp4" width="1280" isDefault="true" url="http://roku.cpl.delvenetworks.com/media/59021fabe3b645968e382ac726cd6c7b/42137542fa884b97a2a72cb356ae21b9/57316de2eaa3448b8376ef0b1ff58d46/roku_119_segment_2_062315.mp4">
        <media:description>The best collection of high-quality documentary programs anywhere. History, science, space, nature, adventure - XiveTV has it all. From sharks and war, to UFOs and black holes, and much more!</media:description>
        <media:keywords>episode 24, giant sharks and more, roku recommends, xive</media:keywords>
        <media:thumbnail url="http://s2.content.video.llnw.net/lovs/images-prod/59021fabe3b645968e382ac726cd6c7b/media/42137542fa884b97a2a72cb356ae21b9/cfa.540x304.jpeg" />
        <media:title>Giant Sharks And More</media:title>
      </media:content>
    </item>
    <item>
      <title>Get Your Game Face On</title>
      <link>http://roku.cpl.delvenetworks.com/media/59021fabe3b645968e382ac726cd6c7b/7ec4711dc886464fa16001c1962904f8/f0f6be8be9f145dc876d18872ba746fe/rr_ep_124_segment_2_080315_h264.mp4</link>
      <description>Accessing your favorite live sports and shows from ESPN is now easier than ever with WatchESPN. WatchESPN brings you 24/7 live programming from your favorite ESPN networks, including: ESPN, ESPN2, ESPN3, ESPNU, SEC Network, SEC Network +, ESPNews, ESPN Deportes, Longhorn Network, ESPN Goal Line, ESPN Buzzer Beater, and ESPN Bases Loaded.</description>
      <pubDate>Thu, 27 Aug 2015 17:32:45 GMT</pubDate>
      <guid isPermaLink="false">7ec4711dc886464fa16001c1962904f8</guid>
      <media:content channels="2" bitrate="1328.0" duration="48" fileSize="7287645" framerate="23.976" height="720" type="video/mp4" width="1280" isDefault="true" url="http://roku.cpl.delvenetworks.com/media/59021fabe3b645968e382ac726cd6c7b/7ec4711dc886464fa16001c1962904f8/f0f6be8be9f145dc876d18872ba746fe/rr_ep_124_segment_2_080315_h264.mp4">
        <media:description>Accessing your favorite live sports and shows from ESPN is now easier than ever with WatchESPN. WatchESPN brings you 24/7 live programming from your favorite ESPN networks, including: ESPN, ESPN2, ESPN3, ESPNU, SEC Network, SEC Network +, ESPNews, ESPN Deportes, Longhorn Network, ESPN Goal Line, ESPN Buzzer Beater, and ESPN Bases Loaded.</media:description>
        <media:keywords>episode 32, roku recommends, watchespn</media:keywords>
        <media:thumbnail url="http://s2.content.video.llnw.net/lovs/images-prod/59021fabe3b645968e382ac726cd6c7b/media/7ec4711dc886464fa16001c1962904f8/pUY.540x304.jpeg" />
        <media:title>Get Your Game Face On</media:title>
      </media:content>
    </item>
    <item>
      <title>Get Slimed</title>
      <link>http://roku.cpl.delvenetworks.com/media/59021fabe3b645968e382ac726cd6c7b/2c4e8ea1ad2f4a8d9d244f5dd4cc47b6/d6217d5a03e64cef9e6bf889fda8d41c/ep-123-seq-4-nick-alt_081215.mp4</link>
      <description>Nickelodeon, the number-one entertainment brand for kids, is now available for free on Roku players and Roku TV models in the U.S.</description>
      <pubDate>Thu, 13 Aug 2015 17:48:45 GMT</pubDate>
      <guid isPermaLink="false">2c4e8ea1ad2f4a8d9d244f5dd4cc47b6</guid>
      <media:content channels="2" bitrate="1328.0" duration="52" fileSize="8449732" framerate="23.976" height="720" type="video/mp4" width="1280" isDefault="true" url="http://roku.cpl.delvenetworks.com/media/59021fabe3b645968e382ac726cd6c7b/2c4e8ea1ad2f4a8d9d244f5dd4cc47b6/d6217d5a03e64cef9e6bf889fda8d41c/ep-123-seq-4-nick-alt_081215.mp4">
        <media:description>Nickelodeon, the number-one entertainment brand for kids, is now available for free on Roku players and Roku TV models in the U.S.</media:description>
        <media:keywords>episode 30, nick, nickelodeon, roku recommends</media:keywords>
        <media:thumbnail url="http://img.delvenetworks.com/WQIfq-O2RZYjjgqxybNbHs/LE6Ooa0vSo0nSRPXdTMR7Y/jVd.540x302.jpeg" />
        <media:title>Get Slimed</media:title>
      </media:content>
    </item>
  </channel>
</rss>